{"train/loss": 0.3224, "train/grad_norm": 7.98529577255249, "train/learning_rate": 1e-06, "train/rewards/chosen": 0.44110727310180664, "train/rewards/rejected": -1.4324132204055786, "train/rewards/accuracies": 0.862500011920929, "train/rewards/margins": 1.8735204935073853, "train/logps/rejected": -165.55953979492188, "train/logps/chosen": -134.314208984375, "train/logits/rejected": 3.876997709274292, "train/logits/chosen": 3.864001750946045, "train/epoch": 1.9762470308788598, "train/global_step": 104, "_timestamp": 1736257395.3848507, "_runtime": 3853.7117857933044, "_step": 20, "train_runtime": 3855.682, "train_samples_per_second": 1.746, "train_steps_per_second": 0.027, "total_flos": 0.0, "train_loss": 0.3837075944130237, "_wandb": {"runtime": 3875}}